<?xml version="1.0" encoding="UTF-8"?>
<project-private xmlns="http://www.netbeans.org/ns/project-private/1">
    <editor-bookmarks xmlns="http://www.netbeans.org/ns/editor-bookmarks/2" lastBookmarkId="0"/>
    <open-files xmlns="http://www.netbeans.org/ns/projectui-open-files/2">
        <group>
            <file>file:/C:/xampp/htdocs/CloudComputing/add.php</file>
            <file>file:/C:/xampp/htdocs/CloudComputing/script.js</file>
            <file>file:/C:/xampp/htdocs/CloudComputing/delete.php</file>
            <file>file:/C:/xampp/htdocs/CloudComputing/listtable.php</file>
            <file>file:/C:/xampp/htdocs/CloudComputing/examplelisttable.php</file>
            <file>file:/C:/xampp/htdocs/CloudComputing/list.php</file>
            <file>file:/C:/xampp/htdocs/CloudComputing/index.php</file>
            <file>file:/C:/xampp/htdocs/CloudComputing/edit.php</file>
        </group>
    </open-files>
</project-private>
