<?xml version="1.0" encoding="UTF-8"?>
<project-private xmlns="http://www.netbeans.org/ns/project-private/1">
    <editor-bookmarks xmlns="http://www.netbeans.org/ns/editor-bookmarks/2" lastBookmarkId="0"/>
    <open-files xmlns="http://www.netbeans.org/ns/projectui-open-files/2">
        <group>
            <file>file:/C:/xampp/htdocs/Cloud/assets/css/style.css</file>
            <file>file:/C:/xampp/htdocs/Cloud/assets/img/main.jpg</file>
            <file>file:/C:/xampp/htdocs/Cloud/edit.php</file>
            <file>file:/C:/xampp/htdocs/Cloud/add.php</file>
            <file>file:/C:/xampp/htdocs/Cloud/listtable.php</file>
            <file>file:/C:/xampp/htdocs/Cloud/index.php</file>
            <file>file:/C:/xampp/htdocs/Cloud/index.html</file>
            <file>file:/C:/xampp/htdocs/Cloud/list.php</file>
            <file>file:/C:/xampp/htdocs/Cloud/delete.php</file>
            <file>file:/C:/xampp/htdocs/Cloud/assets/img/beautyinthepot.jpg</file>
        </group>
    </open-files>
</project-private>
